﻿<?xml version="1.0" encoding="utf-8"?><tv><channel favourite="true"><id>1</id><display-name>1+1</display-name><user-id>3</user-id><price>0</price></channel><channel favourite="true"><id>2</id><display-name>112 Украина</display-name><user-id>3</user-id><price>0</price></channel><channel favourite="true"><id>3</id><display-name>24 (Телеканал новостей 24)</display-name><user-id>3</user-id><price>0</price></channel><channel favourite="true"><id>4</id><display-name>24 Док</display-name><user-id>3</user-id><price>0</price></channel><channel favourite="true"><id>17</id><display-name>2x2</display-name><user-id>3</user-id><price>0</price></channel><channel favourite="true"><id>67</id><display-name>Первый Альтернативный</display-name><user-id>3</user-id><price>0</price></channel><channel favourite="true"><id>22</id><display-name>Animal Planet (Россия)</display-name><user-id>3</user-id><price>0</price></channel><channel favourite="true"><id>63</id><display-name>AXN Sci-fi</display-name><user-id>3</user-id><price>0</price></channel><channel favourite="true"><id>70</id><display-name>БСТ</display-name><user-id>3</user-id><price>0</price></channel><channel favourite="true"><id>69</id><display-name>Bridge TV</display-name><user-id>3</user-id><price>0</price></channel><channel favourite="true"><id>23</id><display-name>Discovery Channel (Россия)</display-name><user-id>3</user-id><price>0</price></channel><channel favourite="true"><id>52</id><display-name>Discovery Science</display-name><user-id>3</user-id><price>0</price></channel><channel favourite="true"><id>24</id><display-name>Discovery World</display-name><user-id>3</user-id><price>0</price></channel><channel favourite="true"><id>19</id><display-name>Disney Channel</display-name><user-id>3</user-id><price>0</price></channel><channel favourite="true"><id>41</id><display-name>Дом Кино</display-name><user-id>3</user-id><price>0</price></channel><channel favourite="true"><id>8</id><display-name>Домашний</display-name><user-id>3</user-id><price>0</price></channel><channel favourite="true"><id>12</id><display-name>Перец</display-name><user-id>3</user-id><price>0</price></channel><channel favourite="true"><id>26</id><display-name>EuroSport</display-name><user-id>3</user-id><price>0</price></channel><channel favourite="true"><id>49</id><display-name>EuroSport 2</display-name><user-id>3</user-id><price>0</price></channel><channel favourite="true"><id>25</id><display-name>EuroNews</display-name><user-id>3</user-id><price>0</price></channel><channel favourite="true"><id>38</id><display-name>Viasat Explorer</display-name><user-id>3</user-id><price>0</price></channel><channel favourite="true"><id>72</id><display-name>Extreme Sports Channel</display-name><user-id>3</user-id><price>0</price></channel><channel favourite="true"><id>27</id><display-name>Fashion TV</display-name><user-id>3</user-id><price>0</price></channel><channel favourite="true"><id>29</id><display-name>FoxLife</display-name><user-id>3</user-id><price>0</price></channel><channel favourite="true"><id>28</id><display-name>FOX</display-name><user-id>3</user-id><price>0</price></channel><channel favourite="true"><id>32</id><display-name>National Geographic Channel</display-name><user-id>3</user-id><price>0</price></channel><channel favourite="true"><id>39</id><display-name>Viasat History</display-name><user-id>3</user-id><price>0</price></channel><channel favourite="true"><id>53</id><display-name>ID Investigation Discovery</display-name><user-id>3</user-id><price>0</price></channel><channel favourite="true"><id>15</id><display-name>Карусель (Россия)</display-name><user-id>3</user-id><price>0</price></channel><channel favourite="true"><id>43</id><display-name>Кино Плюс</display-name><user-id>3</user-id><price>0</price></channel><channel favourite="true"><id>45</id><display-name>Кинохит</display-name><user-id>3</user-id><price>0</price></channel><channel favourite="true"><id>68</id><display-name>КиноЛюкс</display-name><user-id>3</user-id><price>0</price></channel><channel favourite="true"><id>44</id><display-name>Киносоюз</display-name><user-id>3</user-id><price>0</price></channel><channel favourite="true"><id>56</id><display-name>ComedyTV</display-name><user-id>3</user-id><price>0</price></channel><channel favourite="true"><id>5</id><display-name>Россия К</display-name><user-id>3</user-id><price>0</price></channel><channel favourite="true"><id>57</id><display-name>КХЛ ТВ</display-name><user-id>3</user-id><price>0</price></channel><channel favourite="true"><id>21</id><display-name>Amazing Life (Удивительная жизнь)</display-name><user-id>3</user-id><price>0</price></channel><channel favourite="true"><id>55</id><display-name>Мать и дитя</display-name><user-id>3</user-id><price>0</price></channel><channel favourite="true"><id>71</id><display-name>Russian Music Box</display-name><user-id>3</user-id><price>0</price></channel><channel favourite="true"><id>51</id><display-name>Мир</display-name><user-id>3</user-id><price>0</price></channel><channel favourite="true"><id>60</id><display-name>Моя Планета</display-name><user-id>3</user-id><price>0</price></channel><channel favourite="true"><id>16</id><display-name>MTV-Россия (Россия)</display-name><user-id>3</user-id><price>0</price></channel><channel favourite="true"><id>46</id><display-name>Муз-ТВ</display-name><user-id>3</user-id><price>0</price></channel><channel favourite="true"><id>50</id><display-name>Ностальгия</display-name><user-id>3</user-id><price>0</price></channel><channel favourite="true"><id>31</id><display-name>Nat Geo Wild</display-name><user-id>3</user-id><price>0</price></channel><channel favourite="true"><id>62</id><display-name>Nickelodeon</display-name><user-id>3</user-id><price>0</price></channel><channel favourite="true"><id>4</id><display-name>НТВ</display-name><user-id>3</user-id><price>0</price></channel><channel favourite="true"><id>58</id><display-name>Охотник и Рыболов</display-name><user-id>3</user-id><price>0</price></channel><channel favourite="true"><id>1</id><display-name>Первый канал</display-name><user-id>3</user-id><price>0</price></channel><channel favourite="true"><id>11</id><display-name>Петербург - 5 канал</display-name><user-id>3</user-id><price>0</price></channel><channel favourite="true"><id>65</id><display-name>РБК</display-name><user-id>3</user-id><price>0</price></channel><channel favourite="true"><id>9</id><display-name>REN TV</display-name><user-id>3</user-id><price>0</price></channel><channel favourite="true"><id>6</id><display-name>Россия 2</display-name><user-id>3</user-id><price>0</price></channel><channel favourite="true"><id>3</id><display-name>Россия 1</display-name><user-id>3</user-id><price>0</price></channel><channel favourite="true"><id>33</id><display-name>RU TV</display-name><user-id>3</user-id><price>0</price></channel><channel favourite="true"><id>48</id><display-name>SET</display-name><user-id>3</user-id><price>0</price></channel><channel favourite="true"><id>47</id><display-name>Шансон ТВ</display-name><user-id>3</user-id><price>0</price></channel><channel favourite="true"><id>64</id><display-name>Союз</display-name><user-id>3</user-id><price>0</price></channel><channel favourite="true"><id>54</id><display-name>Спорт Плюс</display-name><user-id>3</user-id><price>0</price></channel><channel favourite="true"><id>10</id><display-name>СТС</display-name><user-id>3</user-id><price>0</price></channel><channel favourite="true"><id>34</id><display-name>TLC</display-name><user-id>3</user-id><price>0</price></channel><channel favourite="true"><id>7</id><display-name>ТНТ</display-name><user-id>3</user-id><price>0</price></channel><channel favourite="true"><id>66</id><display-name>Татарстан - Новый Век</display-name><user-id>3</user-id><price>0</price></channel><channel favourite="true"><id>36</id><display-name>ТВ-1000 Action</display-name><user-id>3</user-id><price>0</price></channel><channel favourite="true"><id>35</id><display-name>ТВ-1000</display-name><user-id>3</user-id><price>0</price></channel><channel favourite="true"><id>37</id><display-name>ТВ-1000 Русское кино (Россия)</display-name><user-id>3</user-id><price>0</price></channel><channel favourite="true"><id>13</id><display-name>ТВ3</display-name><user-id>3</user-id><price>0</price></channel><channel favourite="true"><id>2</id><display-name>ТВ-Центр</display-name><user-id>3</user-id><price>0</price></channel><channel favourite="true"><id>18</id><display-name>Ю</display-name><user-id>3</user-id><price>0</price></channel><channel favourite="true"><id>14</id><display-name>Россия 24</display-name><user-id>3</user-id><price>0</price></channel><channel favourite="true"><id>40</id><display-name>Viasat Sport</display-name><user-id>3</user-id><price>0</price></channel><channel favourite="true"><id>74</id><display-name>XXL</display-name><user-id>3</user-id><price>0</price></channel><channel favourite="true"><id>61</id><display-name>Живи!</display-name><user-id>3</user-id><price>0</price></channel><channel favourite="true"><id>20</id><display-name>Звезда</display-name><user-id>3</user-id><price>0</price></channel><programme favourite="true"><programme-id>26</programme-id><channel-id>17</channel-id><channel>2x2</channel><title>Кот Ик. (18+).</title><start>20160415082500 +03:00</start></programme><programme favourite="true"><programme-id>27</programme-id><channel-id>17</channel-id><channel>2x2</channel><title>Галактик футбол. (18+).</title><start>20160415090000 +03:00</start></programme><programme favourite="true"><programme-id>29</programme-id><channel-id>17</channel-id><channel>2x2</channel><title>Невероятный Халк. (18+).</title><start>20160415095500 +03:00</start></programme><programme favourite="true"><programme-id>31</programme-id><channel-id>17</channel-id><channel>2x2</channel><title>Громовые коты. (18+).</title><start>20160415104000 +03:00</start></programme><programme favourite="true"><programme-id>33</programme-id><channel-id>17</channel-id><channel>2x2</channel><title>Без вести пропавшие II: начало. (18+).</title><start>20160415113500 +03:00</start></programme><programme favourite="true"><programme-id>36</programme-id><channel-id>17</channel-id><channel>2x2</channel><title>Тасманский дьявол. (18+).</title><start>20160415142500 +03:00</start></programme><programme favourite="true"><programme-id>2</programme-id><channel-id>1</channel-id><channel>1+1</channel><title>"Лучший ресторан с Русланом Сеничкиным".</title><start>20160725070000 +03:00</start></programme><programme favourite="true"><programme-id>4</programme-id><channel-id>1</channel-id><channel>1+1</channel><title>"Четыре свадьбы", 5 сезон.</title><start>20160725094500 +03:00</start></programme><programme favourite="true"><programme-id>6</programme-id><channel-id>1</channel-id><channel>1+1</channel><title>"Слепая".</title><start>20160725121500 +03:00</start></programme><programme favourite="true"><programme-id>8</programme-id><channel-id>1</channel-id><channel>1+1</channel><title>"Рассмеши комика", 6 сезон.</title><start>20160725151000 +03:00</start></programme><programme favourite="true"><programme-id>9</programme-id><channel-id>1</channel-id><channel>1+1</channel><title>Т/с "Величественный век".</title><start>20160725171000 +03:00</start></programme><programme favourite="true"><programme-id>12</programme-id><channel-id>1</channel-id><channel>1+1</channel><title>Премьера. Т/с "Центральная больница", 25 и 26 с.</title><start>20160725211500 +03:00</start></programme><programme favourite="true"><programme-id>7294</programme-id><channel-id>1</channel-id><channel>1+1</channel><title>"Жить здорово!" (12+).</title><start>20160418114500 +03:00</start></programme><programme favourite="true"><programme-id>7295</programme-id><channel-id>1</channel-id><channel>1+1</channel><title>Модный приговор.</title><start>20160418125500 +03:00</start></programme><programme favourite="true"><programme-id>7296</programme-id><channel-id>1</channel-id><channel>1+1</channel><title>Новости с субтитрами.</title><start>20160418140000 +03:00</start></programme><programme favourite="true"><programme-id>7297</programme-id><channel-id>1</channel-id><channel>1+1</channel><title>"Время обедать!"</title><start>20160418142000 +03:00</start></programme><programme favourite="true"><programme-id>6480</programme-id><channel-id>31</channel-id><channel>Nat Geo Wild</channel><title>Гиганты мира животных: Самая большая ящерица. (12+).</title><start>20160417200000 +03:00</start></programme><programme favourite="true"><programme-id>6656</programme-id><channel-id>62</channel-id><channel>Nickelodeon</channel><title>Губка Боб Квадратные Штаны. (6+).</title><start>20160417001000 +03:00</start></programme><programme favourite="true"><programme-id>6659</programme-id><channel-id>62</channel-id><channel>Nickelodeon</channel><title>Шоу Фреда. (6+).</title><start>20160417013000 +03:00</start></programme><programme favourite="true"><programme-id>6661</programme-id><channel-id>62</channel-id><channel>Nickelodeon</channel><title>Губка Боб Квадратные Штаны. (6+).</title><start>20160417022000 +03:00</start></programme><programme favourite="true"><programme-id>6662</programme-id><channel-id>62</channel-id><channel>Nickelodeon</channel><title>Волшебные покровители. (6+).</title><start>20160417024500 +03:00</start></programme><programme favourite="true"><programme-id>6663</programme-id><channel-id>62</channel-id><channel>Nickelodeon</channel><title>Дрейк и Джош. (6+).</title><start>20160417031500 +03:00</start></programme><programme favourite="true"><programme-id>6664</programme-id><channel-id>62</channel-id><channel>Nickelodeon</channel><title>Жизнь с мальчишками. (6+).</title><start>20160417034000 +03:00</start></programme></tv>