﻿<?xml version="1.0" encoding="utf-8"?><tv><channel><id>17</id><display-name>2x2</display-name><due-date>20160909173005 +03:00</due-date><user-id>2</user-id><price>0</price></channel><channel><id>22</id><display-name>Animal Planet (Россия)</display-name><due-date>20160909173005 +03:00</due-date><user-id>2</user-id><price>0</price></channel><channel><id>63</id><display-name>AXN Sci-fi</display-name><due-date>20160909173005 +03:00</due-date><user-id>2</user-id><price>0</price></channel><channel><id>69</id><display-name>Bridge TV</display-name><due-date>20160909173005 +03:00</due-date><user-id>2</user-id><price>0</price></channel><channel><id>23</id><display-name>Discovery Channel (Россия)</display-name><due-date>20160909173005 +03:00</due-date><user-id>2</user-id><price>0</price></channel><channel><id>24</id><display-name>Discovery World</display-name><due-date>20160909173005 +03:00</due-date><user-id>2</user-id><price>0</price></channel><channel><id>19</id><display-name>Disney Channel</display-name><due-date>20160909173005 +03:00</due-date><user-id>2</user-id><price>0</price></channel><channel><id>8</id><display-name>Домашний</display-name><due-date>20160909173005 +03:00</due-date><user-id>2</user-id><price>0</price></channel><channel><id>49</id><display-name>EuroSport 2</display-name><due-date>20160909173005 +03:00</due-date><user-id>2</user-id><price>0</price></channel><channel><id>38</id><display-name>Viasat Explorer</display-name><due-date>20160909173005 +03:00</due-date><user-id>2</user-id><price>0</price></channel><channel><id>27</id><display-name>Fashion TV</display-name><due-date>20160909173005 +03:00</due-date><user-id>2</user-id><price>0</price></channel><channel><id>29</id><display-name>FoxLife</display-name><due-date>20160909173005 +03:00</due-date><user-id>2</user-id><price>0</price></channel><channel><id>28</id><display-name>FOX</display-name><due-date>20160909173005 +03:00</due-date><user-id>2</user-id><price>0</price></channel><programme><programme-id>248804</programme-id><channel-id>22</channel-id><channel>Animal Planet (Россия)</channel><title>Самое дикое шоу, ч. 12. (12+).</title><start>20160415080000 +03:00</start></programme><programme><programme-id>248806</programme-id><channel-id>22</channel-id><channel>Animal Planet (Россия)</channel><title>Введение в котоводство, ч. 3. (12+).</title><start>20160415091500 +03:00</start></programme><programme><programme-id>248808</programme-id><channel-id>22</channel-id><channel>Animal Planet (Россия)</channel><title>Суровая Арктика: Исландия: земля льда и огня. (12+).</title><start>20160415110500 +03:00</start></programme><programme><programme-id>248811</programme-id><channel-id>22</channel-id><channel>Animal Planet (Россия)</channel><title>SOS дикой природы, ч. 8. (12+).</title><start>20160415132000 +03:00</start></programme><programme><programme-id>248812</programme-id><channel-id>22</channel-id><channel>Animal Planet (Россия)</channel><title>Спасти дикую природу Африки, ч. 3. (12+).</title><start>20160415135000 +03:00</start></programme><programme><programme-id>248815</programme-id><channel-id>22</channel-id><channel>Animal Planet (Россия)</channel><title>Переводчик с собачьего: Девчушка. (12+).</title><start>20160415154000 +03:00</start></programme><programme><programme-id>248817</programme-id><channel-id>22</channel-id><channel>Animal Planet (Россия)</channel><title>Самое дикое шоу, ч. 13. (12+).</title><start>20160415170000 +03:00</start></programme><programme><programme-id>259544</programme-id><channel-id>22</channel-id><channel>Animal Planet (Россия)</channel><title>Полиция Хьюстона - отдел по защите животных: Опухоль. (16+).</title><start>20160415120000 +03:00</start></programme><programme><programme-id>259545</programme-id><channel-id>22</channel-id><channel>Animal Planet (Россия)</channel><title>Укротитель по вызову: Кошмар в браконьерском пруду. (12+).</title><start>20160415125500 +03:00</start></programme><programme><programme-id>259547</programme-id><channel-id>22</channel-id><channel>Animal Planet (Россия)</channel><title>Спасти дикую природу Африки, ч. 3. (12+).</title><start>20160415135000 +03:00</start></programme><programme><programme-id>259549</programme-id><channel-id>22</channel-id><channel>Animal Planet (Россия)</channel><title>Территория животных: Теплый дом. (12+).</title><start>20160415144500 +03:00</start></programme><programme><programme-id>259552</programme-id><channel-id>22</channel-id><channel>Animal Planet (Россия)</channel><title>Самое дикое шоу, ч. 13. (12+).</title><start>20160415170000 +03:00</start></programme><programme><programme-id>270275</programme-id><channel-id>22</channel-id><channel>Animal Planet (Россия)</channel><title>Самое дикое шоу, ч. 12. (12+).</title><start>20160415080000 +03:00</start></programme><programme><programme-id>270276</programme-id><channel-id>22</channel-id><channel>Animal Planet (Россия)</channel><title>Адская кошка, ч. 2. (12+).</title><start>20160415082500 +03:00</start></programme><programme><programme-id>270277</programme-id><channel-id>22</channel-id><channel>Animal Planet (Россия)</channel><title>Введение в котоводство, ч. 3. (12+).</title><start>20160415091500 +03:00</start></programme><programme><programme-id>270278</programme-id><channel-id>22</channel-id><channel>Animal Planet (Россия)</channel><title>Как стать...тигром. (12+).</title><start>20160415101000 +03:00</start></programme><programme><programme-id>270279</programme-id><channel-id>22</channel-id><channel>Animal Planet (Россия)</channel><title>Суровая Арктика: Исландия: земля льда и огня. (12+).</title><start>20160415110500 +03:00</start></programme><programme><programme-id>270280</programme-id><channel-id>22</channel-id><channel>Animal Planet (Россия)</channel><title>Полиция Хьюстона - отдел по защите животных: Опухоль. (16+).</title><start>20160415120000 +03:00</start></programme><programme><programme-id>249471</programme-id><channel-id>69</channel-id><channel>Bridge TV</channel><title>Мобильная 10-ка. (16+).</title><start>20160422000000 +03:00</start></programme><programme><programme-id>260080</programme-id><channel-id>69</channel-id><channel>Bridge TV</channel><title>Клипы. (12+).</title><start>20160415071500 +03:00</start></programme><programme><programme-id>260082</programme-id><channel-id>69</channel-id><channel>Bridge TV</channel><title>Клипы. (12+).</title><start>20160415093000 +03:00</start></programme><programme><programme-id>260083</programme-id><channel-id>69</channel-id><channel>Bridge TV</channel><title>Мобильная 10-ка. (16+).</title><start>20160415120000 +03:00</start></programme><programme><programme-id>260085</programme-id><channel-id>69</channel-id><channel>Bridge TV</channel><title>Клипы. (12+).</title><start>20160415151500 +03:00</start></programme><programme><programme-id>260086</programme-id><channel-id>69</channel-id><channel>Bridge TV</channel><title>Мобильная 10-ка. (16+).</title><start>20160415174500 +03:00</start></programme><programme><programme-id>260225</programme-id><channel-id>23</channel-id><channel>Discovery Channel (Россия)</channel><title>Как это устроено?: Коньки с подогревом. (12+).</title><start>20160415210500 +03:00</start></programme><programme><programme-id>270944</programme-id><channel-id>23</channel-id><channel>Discovery Channel (Россия)</channel><title>Уголь, ч. 5. (12+).</title><start>20160415080000 +03:00</start></programme><programme><programme-id>270945</programme-id><channel-id>23</channel-id><channel>Discovery Channel (Россия)</channel><title>Оружие: люди, которые его изобрели. (12+).</title><start>20160415085000 +03:00</start></programme><programme><programme-id>270947</programme-id><channel-id>23</channel-id><channel>Discovery Channel (Россия)</channel><title>Как это сделано?: Миндаль/Снегоуборщик/Пятновыводители. (12+).</title><start>20160415101000 +03:00</start></programme><programme><programme-id>270950</programme-id><channel-id>23</channel-id><channel>Discovery Channel (Россия)</channel><title>Искривление времени: Тазер. (12+).</title><start>20160415120000 +03:00</start></programme><programme><programme-id>270951</programme-id><channel-id>23</channel-id><channel>Discovery Channel (Россия)</channel><title>Разрушители легенд: Удар бутылкой. (12+).</title><start>20160415122500 +03:00</start></programme><programme><programme-id>270952</programme-id><channel-id>23</channel-id><channel>Discovery Channel (Россия)</channel><title>Город наизнанку: Город в пустыне: Дубай. (12+).</title><start>20160415132000 +03:00</start></programme><programme><programme-id>270954</programme-id><channel-id>23</channel-id><channel>Discovery Channel (Россия)</channel><title>Махинаторы: Fiat Dino Coupe 901. (12+).</title><start>20160415151000 +03:00</start></programme><programme><programme-id>270955</programme-id><channel-id>23</channel-id><channel>Discovery Channel (Россия)</channel><title>Пятая передача: Европа, ч. 2. (12+).</title><start>20160415160500 +03:00</start></programme><programme><programme-id>260756</programme-id><channel-id>19</channel-id><channel>Disney Channel</channel><title>М/с "Рыбология". (6+).</title><start>20160415183500 +03:00</start></programme><programme><programme-id>260758</programme-id><channel-id>19</channel-id><channel>Disney Channel</channel><title>Т/с "Приколы на переменке. Новая школа". (6+).</title><start>20160415192500 +03:00</start></programme><programme><programme-id>260759</programme-id><channel-id>19</channel-id><channel>Disney Channel</channel><title>Т/с "Ханна Монтана". (6+).</title><start>20160415193500 +03:00</start></programme><programme><programme-id>260760</programme-id><channel-id>19</channel-id><channel>Disney Channel</channel><title>Т/с "Волшебники из Вэйверли Плэйс". (6+).</title><start>20160415200500 +03:00</start></programme><programme><programme-id>260762</programme-id><channel-id>19</channel-id><channel>Disney Channel</channel><title>Т/с "Виолетта". (12+).</title><start>20160415210000 +03:00</start></programme><programme><programme-id>260764</programme-id><channel-id>19</channel-id><channel>Disney Channel</channel><title>Т/с "Их перепутали в роддоме". (16+).</title><start>20160415230000 +03:00</start></programme><programme><programme-id>271466</programme-id><channel-id>19</channel-id><channel>Disney Channel</channel><title>М/с "Кряк-бригада". (6+).</title><start>20160415070000 +03:00</start></programme><programme><programme-id>248493</programme-id><channel-id>17</channel-id><channel>2x2</channel><title>Кот Ик. (18+).</title><start>20160415082500 +03:00</start></programme><programme><programme-id>248496</programme-id><channel-id>17</channel-id><channel>2x2</channel><title>Невероятный Халк. (18+).</title><start>20160415095500 +03:00</start></programme><programme><programme-id>248497</programme-id><channel-id>17</channel-id><channel>2x2</channel><title>Черепашки-ниндзя. (18+).</title><start>20160415102000 +03:00</start></programme><programme><programme-id>248498</programme-id><channel-id>17</channel-id><channel>2x2</channel><title>Громовые коты. (18+).</title><start>20160415104000 +03:00</start></programme><programme><programme-id>248500</programme-id><channel-id>17</channel-id><channel>2x2</channel><title>Без вести пропавшие II: начало. (18+).</title><start>20160415113500 +03:00</start></programme><programme><programme-id>248501</programme-id><channel-id>17</channel-id><channel>2x2</channel><title>Пингвины Мадагаскара. (18+).</title><start>20160415132500 +03:00</start></programme><programme><programme-id>248504</programme-id><channel-id>17</channel-id><channel>2x2</channel><title>Бэтмен. (18+).</title><start>20160415151300 +03:00</start></programme><programme><programme-id>248505</programme-id><channel-id>17</channel-id><channel>2x2</channel><title>Небесные рыцари. (18+).</title><start>20160415154000 +03:00</start></programme><programme><programme-id>248506</programme-id><channel-id>17</channel-id><channel>2x2</channel><title>Блич. (18+).</title><start>20160415161000 +03:00</start></programme><programme><programme-id>248507</programme-id><channel-id>17</channel-id><channel>2x2</channel><title>Наруто: ураганные хроники. (18+).</title><start>20160415164000 +03:00</start></programme><programme><programme-id>248818</programme-id><channel-id>22</channel-id><channel>Animal Planet (Россия)</channel><title>Введение в котоводство, ч. 4. (12+).</title><start>20160415173000 +03:00</start></programme><programme><programme-id>248820</programme-id><channel-id>22</channel-id><channel>Animal Planet (Россия)</channel><title>Дик и Дом спешат на помощь, ч. 2. (12+).</title><start>20160415185000 +03:00</start></programme><programme><programme-id>248821</programme-id><channel-id>22</channel-id><channel>Animal Planet (Россия)</channel><title>Кошек не любить нельзя, ч. 7. (12+).</title><start>20160415192000 +03:00</start></programme><programme><programme-id>248823</programme-id><channel-id>22</channel-id><channel>Animal Planet (Россия)</channel><title>Ветеринар Бондай Бич, ч. 12. (12+).</title><start>20160415204000 +03:00</start></programme><programme><programme-id>248825</programme-id><channel-id>22</channel-id><channel>Animal Planet (Россия)</channel><title>В дебрях Латинской Америки: Амазонка. (12+).</title><start>20160415220500 +03:00</start></programme><programme><programme-id>248827</programme-id><channel-id>22</channel-id><channel>Animal Planet (Россия)</channel><title>Укротитель скунсов: Малыши. (12+).</title><start>20160415232500 +03:00</start></programme><programme><programme-id>248828</programme-id><channel-id>22</channel-id><channel>Animal Planet (Россия)</channel><title>Адская кошка: Кошачьи разборки. (12+).</title><start>20160415235500 +03:00</start></programme><programme><programme-id>249029</programme-id><channel-id>63</channel-id><channel>AXN Sci-fi</channel><title>Т/с "Ван-Пис: Кто победит?" (12+).</title><start>20160415051000 +03:00</start></programme><programme><programme-id>249031</programme-id><channel-id>63</channel-id><channel>AXN Sci-fi</channel><title>Т/с "Звездные врата: Морфей". (6+).</title><start>20160415062500 +03:00</start></programme><programme><programme-id>249032</programme-id><channel-id>63</channel-id><channel>AXN Sci-fi</channel><title>Т/с "Звездный путь - Вояджер: Решение". (6+).</title><start>20160415080000 +03:00</start></programme><programme><programme-id>249033</programme-id><channel-id>63</channel-id><channel>AXN Sci-fi</channel><title>Т/с "Звездные врата: Проект Пегас". (6+).</title><start>20160415084500 +03:00</start></programme><programme><programme-id>249035</programme-id><channel-id>63</channel-id><channel>AXN Sci-fi</channel><title>Т/с "Черная лагуна: Невеста мертвеца". (12+).</title><start>20160415102000 +03:00</start></programme><programme><programme-id>249036</programme-id><channel-id>63</channel-id><channel>AXN Sci-fi</channel><title>Т/с "Медиум: Снова дежа вю". (12+).</title><start>20160415114000 +03:00</start></programme><programme><programme-id>249037</programme-id><channel-id>63</channel-id><channel>AXN Sci-fi</channel><title>Т/с "Vизитеры: Все только начинается.." (12+).</title><start>20160415123000 +03:00</start></programme><programme><programme-id>249039</programme-id><channel-id>63</channel-id><channel>AXN Sci-fi</channel><title>Т/с "XIII: Мышеловка". (12+).</title><start>20160415172000 +03:00</start></programme><programme><programme-id>249040</programme-id><channel-id>63</channel-id><channel>AXN Sci-fi</channel><title>Т/с "Дневники вампира: Убей или погибни". (16+).</title><start>20160415190000 +03:00</start></programme><programme><programme-id>249041</programme-id><channel-id>63</channel-id><channel>AXN Sci-fi</channel><title>Т/с "Черная лагуна: Обещание". (12+).</title><start>20160415194500 +03:00</start></programme></tv>