﻿<?xml version="1.0" encoding="utf-8"?><tv><channel favourite="true"><id>1</id><display-name>1+1</display-name><due-date>20160916165846 +03:00</due-date><user-id>2</user-id><price>0</price></channel><channel favourite="true"><id>2</id><display-name>112 Украина</display-name><due-date>20160916165846 +03:00</due-date><user-id>2</user-id><price>0</price></channel><channel favourite="true"><id>3</id><display-name>24 (Телеканал новостей 24)</display-name><due-date>20160916165846 +03:00</due-date><user-id>2</user-id><price>0</price></channel><programme favourite="true"><programme-id>23</programme-id><channel-id>3</channel-id><channel>24 (Телеканал новостей 24)</channel><title>Другие новости.</title><start>20160729234500 +03:00</start></programme><programme favourite="true"><programme-id>22</programme-id><channel-id>3</channel-id><channel>24 (Телеканал новостей 24)</channel><title>Вести Кремля.</title><start>20160729233000 +03:00</start></programme><programme favourite="true"><programme-id>14</programme-id><channel-id>1</channel-id><channel>1+1</channel><title>Х/ф "Артур Ньюман".</title><start>20160726011500 +03:00</start></programme></tv>