﻿<?xml version="1.0" encoding="utf-8"?><tv><channel favourite="true"><id>63</id><display-name>AXN Sci-fi</display-name><user-id>2</user-id><price>8</price></channel><channel favourite="true"><id>24</id><display-name>Discovery World</display-name><user-id>2</user-id><price>0</price></channel><channel favourite="true"><id>19</id><display-name>Disney Channel</display-name><user-id>2</user-id><price>35</price></channel><channel favourite="true"><id>17</id><display-name>2x2</display-name><user-id>2</user-id><price>2</price></channel><programme favourite="true"><programme-id>213</programme-id><channel-id>17</channel-id><channel>2x2</channel><title>Наша Бриташа в Америке. (18+).</title><start>20160421035000 +03:00</start></programme><programme favourite="true"><programme-id>214</programme-id><channel-id>17</channel-id><channel>2x2</channel><title>Японские забавы. (18+).</title><start>20160421041500 +03:00</start></programme><programme favourite="true"><programme-id>215</programme-id><channel-id>17</channel-id><channel>2x2</channel><title>Крошилово. (18+).</title><start>20160421051500 +03:00</start></programme><programme favourite="true"><programme-id>216</programme-id><channel-id>17</channel-id><channel>2x2</channel><title>Вольтрон: повелитель Вселенной. (18+).</title><start>20160421070000 +03:00</start></programme></tv>