﻿<?xml version="1.0" encoding="utf-8"?><tv><channel favourite="true"><id>63</id><display-name>AXN Sci-fi</display-name><user-id>2</user-id><price>8</price></channel><channel favourite="true"><id>24</id><display-name>Discovery World</display-name><user-id>2</user-id><price>0</price></channel><channel favourite="true"><id>19</id><display-name>Disney Channel</display-name><user-id>2</user-id><price>35</price></channel><programme favourite="true"><programme-id>633</programme-id><channel-id>63</channel-id><channel>AXN Sci-fi</channel><title>Т/с "Ганнибал. Аперитив". (16+).</title><start>20160420020000 +03:00</start></programme><programme favourite="true"><programme-id>636</programme-id><channel-id>63</channel-id><channel>AXN Sci-fi</channel><title>Т/с "Звездные врата: Контрудар". (6+).</title><start>20160420042000 +03:00</start></programme><programme favourite="true"><programme-id>638</programme-id><channel-id>63</channel-id><channel>AXN Sci-fi</channel><title>Т/с "Медиум: Укуси меня". (12+).</title><start>20160420054500 +03:00</start></programme><programme favourite="true"><programme-id>640</programme-id><channel-id>63</channel-id><channel>AXN Sci-fi</channel><title>Т/с "Звездный путь - Вояджер: Рой". (6+).</title><start>20160420080000 +03:00</start></programme><programme favourite="true"><programme-id>1454</programme-id><channel-id>24</channel-id><channel>Discovery World</channel><title>Авиаторы, ч. 9. (12+).</title><start>20160420034500 +03:00</start></programme><programme favourite="true"><programme-id>1455</programme-id><channel-id>24</channel-id><channel>Discovery World</channel><title>Авиаторы, ч. 10. (12+).</title><start>20160420041000 +03:00</start></programme><programme favourite="true"><programme-id>1457</programme-id><channel-id>24</channel-id><channel>Discovery World</channel><title>Изобретения, которые потрясли мир, ч. 7. (12+).</title><start>20160420081000 +03:00</start></programme><programme favourite="true"><programme-id>1459</programme-id><channel-id>24</channel-id><channel>Discovery World</channel><title>Авиаторы, ч. 1. (12+).</title><start>20160420100000 +03:00</start></programme><programme favourite="true"><programme-id>1729</programme-id><channel-id>19</channel-id><channel>Disney Channel</channel><title>Х/ф "Няньки". (12+).</title><start>20160420005500 +03:00</start></programme><programme favourite="true"><programme-id>1731</programme-id><channel-id>19</channel-id><channel>Disney Channel</channel><title>Т/с "Удивительные странствия Геракла". (12+).</title><start>20160420034500 +03:00</start></programme><programme favourite="true"><programme-id>1732</programme-id><channel-id>19</channel-id><channel>Disney Channel</channel><title>Т/с "Удивительные странствия Геракла". (12+).</title><start>20160420044000 +03:00</start></programme><programme favourite="true"><programme-id>1470</programme-id><channel-id>24</channel-id><channel>Discovery World</channel><title>Наука выживать: Зимняя авиакатастрофа. (12+).</title><start>20160420165500 +03:00</start></programme><programme favourite="true"><programme-id>1468</programme-id><channel-id>24</channel-id><channel>Discovery World</channel><title>Армагеддон животного мира: Ад на Земле. (12+).</title><start>20160420151000 +03:00</start></programme><programme favourite="true"><programme-id>1761</programme-id><channel-id>19</channel-id><channel>Disney Channel</channel><title>Анимац. фильм "Принцесса солнца". (12+).</title><start>20160420200000 +03:00</start></programme><programme favourite="true"><programme-id>1758</programme-id><channel-id>19</channel-id><channel>Disney Channel</channel><title>М/с "Рыбология". (6+).</title><start>20160420173500 +03:00</start></programme><programme favourite="true"><programme-id>1756</programme-id><channel-id>19</channel-id><channel>Disney Channel</channel><title>М/с "Рыбология". (6+).</title><start>20160420165500 +03:00</start></programme><programme favourite="true"><programme-id>1754</programme-id><channel-id>19</channel-id><channel>Disney Channel</channel><title>М/с "Чип и Дейл спешат на помощь". (6+).</title><start>20160420145500 +03:00</start></programme></tv>