﻿<?xml version="1.0" encoding="utf-8"?><tv><channel><id>1</id><display-name>1+1</display-name><due-date>20160909145917 +03:00</due-date><user-id>2</user-id><price>0</price></channel><channel><id>17</id><display-name>2x2</display-name><due-date>20160909145917 +03:00</due-date><user-id>2</user-id><price>0</price></channel><channel><id>67</id><display-name>Первый Альтернативный</display-name><due-date>20160909145917 +03:00</due-date><user-id>2</user-id><price>0</price></channel><programme><programme-id>126120</programme-id><channel-id>1</channel-id><channel>1+1</channel><title>"Время обедать!"</title><start>20160415142000 +03:00</start></programme><programme><programme-id>126122</programme-id><channel-id>1</channel-id><channel>1+1</channel><title>Другие новости.</title><start>20160415160000 +03:00</start></programme><programme><programme-id>126124</programme-id><channel-id>1</channel-id><channel>1+1</channel><title>Новости с субтитрами.</title><start>20160415170000 +03:00</start></programme><programme><programme-id>126125</programme-id><channel-id>1</channel-id><channel>1+1</channel><title>Т/с "Торговый центр". (16+).</title><start>20160415172000 +03:00</start></programme><programme><programme-id>126127</programme-id><channel-id>1</channel-id><channel>1+1</channel><title>"Я подаю на развод". (16+).</title><start>20160415190000 +03:00</start></programme><programme><programme-id>126114</programme-id><channel-id>1</channel-id><channel>1+1</channel><title>Телеканал "Доброе утро!"</title><start>20160415070500 +03:00</start></programme><programme><programme-id>126116</programme-id><channel-id>1</channel-id><channel>1+1</channel><title>Контрольная закупка.</title><start>20160415111500 +03:00</start></programme><programme><programme-id>126117</programme-id><channel-id>1</channel-id><channel>1+1</channel><title>"Жить здорово!" (12+).</title><start>20160415114500 +03:00</start></programme><programme><programme-id>118947</programme-id><channel-id>17</channel-id><channel>2x2</channel><title>Рога и копыта: возвращение. (18+).</title><start>20160415195500 +03:00</start></programme><programme><programme-id>118944</programme-id><channel-id>17</channel-id><channel>2x2</channel><title>Генератор Рекс. (18+).</title><start>20160415183000 +03:00</start></programme><programme><programme-id>118943</programme-id><channel-id>17</channel-id><channel>2x2</channel><title>Наруто: ураганные хроники. (18+).</title><start>20160415164000 +03:00</start></programme></tv>