﻿<?xml version="1.0" encoding="utf-8"?><tv><channel><id>1</id><display-name>1+1</display-name><due-date>20160908203559 +03:00</due-date><user-id>2</user-id><price>99,54</price></channel><channel><id>17</id><display-name>2x2</display-name><due-date>20160908203559 +03:00</due-date><user-id>2</user-id><price>16,74</price></channel><programme><id>25</id><channel-id>17</channel-id><channel>2x2</channel><title>Крошилово. (18+).</title><start>20160421051500 +03:00</start></programme><programme><id>26</id><channel-id>17</channel-id><channel>2x2</channel><title>Вольтрон: повелитель Вселенной. (18+).</title><start>20160421070000 +03:00</start></programme><programme><id>27</id><channel-id>17</channel-id><channel>2x2</channel><title>Cоветские мультфильмы. (18+).</title><start>20160421073000 +03:00</start></programme><programme><id>28</id><channel-id>17</channel-id><channel>2x2</channel><title>Эскалибур. (18+).</title><start>20160421080000 +03:00</start></programme><programme><id>29</id><channel-id>17</channel-id><channel>2x2</channel><title>Эпик фейл короля Артура. (18+).</title><start>20160421083000 +03:00</start></programme><programme><id>30</id><channel-id>1</channel-id><channel>1+1</channel><title>Контрольная закупка.</title><start>20160421071500 +03:00</start></programme><programme><id>31</id><channel-id>1</channel-id><channel>1+1</channel><title>Новости.</title><start>20160421080000 +03:00</start></programme><programme><id>32</id><channel-id>1</channel-id><channel>1+1</channel><title>Х/ф "Гонка с преследованием". (12+).</title><start>20160421081000 +03:00</start></programme><programme><id>33</id><channel-id>1</channel-id><channel>1+1</channel><title>"Армейский магазин". (16+).</title><start>20160421094000 +03:00</start></programme><programme><id>34</id><channel-id>1</channel-id><channel>1+1</channel><title>М/с "Смешарики. Пин-код".</title><start>20160421104000 +03:00</start></programme><programme><id>35</id><channel-id>17</channel-id><channel>2x2</channel><title>Тасманский дьявол. (18+).</title><start>20160421162500 +03:00</start></programme><programme><id>36</id><channel-id>17</channel-id><channel>2x2</channel><title>Военная кафедра 2Х2. Спецсназ. (18+).</title><start>20160421132000 +03:00</start></programme><programme><id>37</id><channel-id>17</channel-id><channel>2x2</channel><title>WWE SmackDown. (18+).</title><start>20160421101500 +03:00</start></programme></tv>