﻿<?xml version="1.0" encoding="utf-8"?>
<tv>
	<channel>
		<id>67</id>
		<display-name>Первый Альтернативный</display-name>
		<due-date>04.09.2016</due-date>
		<user-id>2</user-id>
		<price>13,77</price>
	</channel>
	<channel>
		<id>22</id>
		<display-name>Animal Planet (Россия)</display-name>
		<due-date>04.09.2016</due-date>
		<user-id>2</user-id>
		<price>99,2</price>
	</channel>
	<channel>
		<id>23</id>
		<display-name>Discovery Channel (Россия)</display-name>
		<due-date>04.09.2016</due-date>
		<user-id>2</user-id>
		<price>0</price>
	</channel>
	<channel>
		<id>24</id>
		<display-name>Discovery World</display-name>
		<due-date>04.09.2016</due-date>
		<user-id>2</user-id>
		<price>0</price>
	</channel>
	<channel>
		<id>19</id>
		<display-name>Disney Channel</display-name>
		<due-date>04.09.2016</due-date>
		<user-id>2</user-id>
		<price>0</price>
	</channel>
	<channel>
		<id>8</id>
		<display-name>Домашний</display-name>
		<due-date>04.09.2016</due-date>
		<user-id>2</user-id>
		<price>0</price>
	</channel>
	<channel>
		<id>26</id>
		<display-name>EuroSport</display-name>
		<due-date>04.09.2016</due-date>
		<user-id>2</user-id>
		<price>0</price>
	</channel>
	<channel>
		<id>49</id>
		<display-name>EuroSport 2</display-name>
		<due-date>04.09.2016</due-date>
		<user-id>2</user-id>
		<price>0</price>
	</channel>
	<channel>
		<id>25</id>
		<display-name>EuroNews</display-name>
		<due-date>04.09.2016</due-date>
		<user-id>2</user-id>
		<price>0</price>
	</channel>
	<programme>
		<id>154</id>
		<channel-id>67</channel-id>
		<channel>Первый Альтернативный</channel>
		<title>Chill-Out. (16+).</title>
		<start>20164171500 +0200</start>
	</programme>
	<programme>
		<id>155</id>
		<channel-id>67</channel-id>
		<channel>Первый Альтернативный</channel>
		<title>A-One Hip-Hop Top 20. (16+).</title>
		<start>20164172000 +0200</start>
	</programme>
	<programme>
		<id>156</id>
		<channel-id>67</channel-id>
		<channel>Первый Альтернативный</channel>
		<title>Line-Up. (16+).</title>
		<start>201641732000 +0200</start>
	</programme>
	<programme>
		<id>157</id>
		<channel-id>67</channel-id>
		<channel>Первый Альтернативный</channel>
		<title>Virtual Selection. (16+).</title>
		<start>201641719500 +0200</start>
	</programme>
	<programme>
		<id>158</id>
		<channel-id>22</channel-id>
		<channel>Animal Planet (Россия)</channel>
		<title>Полиция Феникса: Отдел по защите животных: Трагедия в трейлерном парке. (16+).</title>
		<start>201641705000 +0200</start>
	</programme>
	<programme>
		<id>159</id>
		<channel-id>22</channel-id>
		<channel>Animal Planet (Россия)</channel>
		<title>Территория животных: Отряд спасателей. (12+).</title>
		<start>2016417144500 +0200</start>
	</programme>
	<programme>
		<id>160</id>
		<channel-id>22</channel-id>
		<channel>Animal Planet (Россия)</channel>
		<title>Введение в собаковедение: спецвыпуск: Лучшие собаки для семейной жизни. (12+).</title>
		<start>2016417173000 +0200</start>
	</programme>
	<programme>
		<id>161</id>
		<channel-id>22</channel-id>
		<channel>Animal Planet (Россия)</channel>
		<title>Необычные животные Ника Бейкера: Аксолотль. (12+).</title>
		<start>2016417182500 +0200</start>
	</programme>
	<programme>
		<id>162</id>
		<channel-id>22</channel-id>
		<channel>Animal Planet (Россия)</channel>
		<title>Дело мастера боится: Стадное чувство. (12+).</title>
		<start>2016417192000 +0200</start>
	</programme>
	<programme>
		<id>163</id>
		<channel-id>24</channel-id>
		<channel>Discovery World</channel>
		<title>Авиаторы, ч. 3. (12+).</title>
		<start>201641734500 +0200</start>
	</programme>
	<programme>
		<id>164</id>
		<channel-id>26</channel-id>
		<channel>EuroSport</channel>
		<title>Снукер. Мастерс. Лондон. Финал.</title>
		<start>20164173000 +0200</start>
	</programme>
	<programme>
		<id>165</id>
		<channel-id>26</channel-id>
		<channel>EuroSport</channel>
		<title>Автогонки. Монца.</title>
		<start>20164174000 +0200</start>
	</programme>
	<programme>
		<id>166</id>
		<channel-id>26</channel-id>
		<channel>EuroSport</channel>
		<title>Авто и Мотоспорт. Журнал.</title>
		<start>201641743000 +0200</start>
	</programme>
	<programme>
		<id>167</id>
		<channel-id>26</channel-id>
		<channel>EuroSport</channel>
		<title>Авто и Мотоспорт.</title>
		<start>201641744500 +0200</start>
	</programme>
</tv>