﻿<?xml version="1.0" encoding="utf-8"?><tv><channel><id>17</id><display-name>2x2</display-name><due-date>24.08.2016</due-date><user-id>2</user-id><price>0</price></channel><channel><id>67</id><display-name>Первый Альтернативный</display-name><due-date>24.08.2016</due-date><user-id>2</user-id><price>0</price></channel><channel><id>17</id><display-name>2x2</display-name><due-date>24.08.2016</due-date><user-id>2</user-id><price>0</price></channel><channel><id>67</id><display-name>Первый Альтернативный</display-name><due-date>24.08.2016</due-date><user-id>2</user-id><price>0</price></channel><channel><id>17</id><display-name>2x2</display-name><due-date>24.08.2016</due-date><user-id>2</user-id><price>0</price></channel><channel><id>67</id><display-name>Первый Альтернативный</display-name><due-date>24.08.2016</due-date><user-id>2</user-id><price>0</price></channel><channel><id>17</id><display-name>2x2</display-name><due-date>24.08.2016</due-date><user-id>2</user-id><price>0</price></channel><channel><id>67</id><display-name>Первый Альтернативный</display-name><due-date>24.08.2016</due-date><user-id>2</user-id><price>0</price></channel><channel><id>17</id><display-name>2x2</display-name><due-date>24.08.2016</due-date><user-id>2</user-id><price>0</price></channel><channel><id>67</id><display-name>Первый Альтернативный</display-name><due-date>24.08.2016</due-date><user-id>2</user-id><price>0</price></channel><channel><id>17</id><display-name>2x2</display-name><due-date>24.08.2016</due-date><user-id>2</user-id><price>0</price></channel><channel><id>67</id><display-name>Первый Альтернативный</display-name><due-date>24.08.2016</due-date><user-id>2</user-id><price>0</price></channel><channel><id>17</id><display-name>2x2</display-name><due-date>24.08.2016</due-date><user-id>2</user-id><price>0</price></channel><channel><id>67</id><display-name>Первый Альтернативный</display-name><due-date>24.08.2016</due-date><user-id>2</user-id><price>0</price></channel><channel><id>17</id><display-name>2x2</display-name><due-date>24.08.2016</due-date><user-id>2</user-id><price>0</price></channel><channel><id>67</id><display-name>Первый Альтернативный</display-name><due-date>24.08.2016</due-date><user-id>2</user-id><price>0</price></channel><channel><id>17</id><display-name>2x2</display-name><due-date>24.08.2016</due-date><user-id>2</user-id><price>0</price></channel><channel><id>67</id><display-name>Первый Альтернативный</display-name><due-date>24.08.2016</due-date><user-id>2</user-id><price>0</price></channel><channel><id>17</id><display-name>2x2</display-name><due-date>24.08.2016</due-date><user-id>2</user-id><price>0</price></channel><channel><id>67</id><display-name>Первый Альтернативный</display-name><due-date>24.08.2016</due-date><user-id>2</user-id><price>0</price></channel><channel><id>67</id><display-name>Первый Альтернативный</display-name><due-date>24.08.2016</due-date><user-id>2</user-id><price>0</price></channel><channel><id>22</id><display-name>Animal Planet (Россия)</display-name><due-date>24.08.2016</due-date><user-id>2</user-id><price>0</price></channel><channel><id>63</id><display-name>AXN Sci-fi</display-name><due-date>24.08.2016</due-date><user-id>2</user-id><price>0</price></channel><channel><id>70</id><display-name>БСТ</display-name><due-date>24.08.2016</due-date><user-id>2</user-id><price>0</price></channel><channel><id>67</id><display-name>Первый Альтернативный</display-name><due-date>24.08.2016</due-date><user-id>2</user-id><price>0</price></channel><channel><id>22</id><display-name>Animal Planet (Россия)</display-name><due-date>24.08.2016</due-date><user-id>2</user-id><price>0</price></channel><channel><id>63</id><display-name>AXN Sci-fi</display-name><due-date>24.08.2016</due-date><user-id>2</user-id><price>0</price></channel><channel><id>70</id><display-name>БСТ</display-name><due-date>24.08.2016</due-date><user-id>2</user-id><price>0</price></channel><channel><id>67</id><display-name>Первый Альтернативный</display-name><due-date>24.08.2016</due-date><user-id>2</user-id><price>0</price></channel><channel><id>22</id><display-name>Animal Planet (Россия)</display-name><due-date>24.08.2016</due-date><user-id>2</user-id><price>0</price></channel><channel><id>63</id><display-name>AXN Sci-fi</display-name><due-date>24.08.2016</due-date><user-id>2</user-id><price>0</price></channel><channel><id>70</id><display-name>БСТ</display-name><due-date>24.08.2016</due-date><user-id>2</user-id><price>0</price></channel><programme><id>7</id><channel-id>17</channel-id><channel>2x2</channel><title>Гори в аду. (18+).</title><start>201642044500 +0200</start></programme><programme><id>8</id><channel-id>17</channel-id><channel>2x2</channel><title>Пип шоу. (18+).</title><start>201642051500 +0200</start></programme><programme><id>9</id><channel-id>17</channel-id><channel>2x2</channel><title>Японские забавы. (18+).</title><start>201642054000 +0200</start></programme><programme><id>10</id><channel-id>17</channel-id><channel>2x2</channel><title>Отвязный спорт. (18+).</title><start>201642061000 +0200</start></programme><programme><id>11</id><channel-id>17</channel-id><channel>2x2</channel><title>Икс-утки. (18+).</title><start>201642063500 +0200</start></programme><programme><id>12</id><channel-id>17</channel-id><channel>2x2</channel><title>Гори в аду. (18+).</title><start>201642044500 +0200</start></programme><programme><id>13</id><channel-id>17</channel-id><channel>2x2</channel><title>Пип шоу. (18+).</title><start>201642051500 +0200</start></programme><programme><id>14</id><channel-id>17</channel-id><channel>2x2</channel><title>Японские забавы. (18+).</title><start>201642054000 +0200</start></programme><programme><id>15</id><channel-id>17</channel-id><channel>2x2</channel><title>Отвязный спорт. (18+).</title><start>201642061000 +0200</start></programme><programme><id>16</id><channel-id>17</channel-id><channel>2x2</channel><title>Икс-утки. (18+).</title><start>201642063500 +0200</start></programme><programme><id>17</id><channel-id>17</channel-id><channel>2x2</channel><title>Гори в аду. (18+).</title><start>201642044500 +0200</start></programme><programme><id>18</id><channel-id>17</channel-id><channel>2x2</channel><title>Пип шоу. (18+).</title><start>201642051500 +0200</start></programme><programme><id>19</id><channel-id>17</channel-id><channel>2x2</channel><title>Японские забавы. (18+).</title><start>201642054000 +0200</start></programme><programme><id>20</id><channel-id>17</channel-id><channel>2x2</channel><title>Отвязный спорт. (18+).</title><start>201642061000 +0200</start></programme><programme><id>21</id><channel-id>17</channel-id><channel>2x2</channel><title>Икс-утки. (18+).</title><start>201642063500 +0200</start></programme><programme><id>22</id><channel-id>17</channel-id><channel>2x2</channel><title>Гори в аду. (18+).</title><start>201642044500 +0200</start></programme><programme><id>23</id><channel-id>17</channel-id><channel>2x2</channel><title>Пип шоу. (18+).</title><start>201642051500 +0200</start></programme><programme><id>24</id><channel-id>17</channel-id><channel>2x2</channel><title>Японские забавы. (18+).</title><start>201642054000 +0200</start></programme><programme><id>25</id><channel-id>17</channel-id><channel>2x2</channel><title>Отвязный спорт. (18+).</title><start>201642061000 +0200</start></programme><programme><id>26</id><channel-id>17</channel-id><channel>2x2</channel><title>Икс-утки. (18+).</title><start>201642063500 +0200</start></programme><programme><id>27</id><channel-id>17</channel-id><channel>2x2</channel><title>Южный парк. (18+).</title><start>201641711500 +0200</start></programme><programme><id>28</id><channel-id>17</channel-id><channel>2x2</channel><title>Плохие. (18+).</title><start>201641723000 +0200</start></programme><programme><id>29</id><channel-id>17</channel-id><channel>2x2</channel><title>Морлаб. (18+).</title><start>201641734000 +0200</start></programme><programme><id>30</id><channel-id>17</channel-id><channel>2x2</channel><title>Гори в аду. (18+).</title><start>201641744500 +0200</start></programme><programme><id>31</id><channel-id>17</channel-id><channel>2x2</channel><title>Икс-утки. (18+).</title><start>201641763500 +0200</start></programme><programme><id>32</id><channel-id>17</channel-id><channel>2x2</channel><title>Арчер. (18+).</title><start>201641765500 +0200</start></programme><programme><id>33</id><channel-id>17</channel-id><channel>2x2</channel><title>Гори в аду. (18+).</title><start>201642044500 +0200</start></programme><programme><id>34</id><channel-id>17</channel-id><channel>2x2</channel><title>Пип шоу. (18+).</title><start>201642051500 +0200</start></programme><programme><id>35</id><channel-id>17</channel-id><channel>2x2</channel><title>Японские забавы. (18+).</title><start>201642054000 +0200</start></programme><programme><id>36</id><channel-id>17</channel-id><channel>2x2</channel><title>Отвязный спорт. (18+).</title><start>201642061000 +0200</start></programme><programme><id>37</id><channel-id>17</channel-id><channel>2x2</channel><title>Икс-утки. (18+).</title><start>201642063500 +0200</start></programme><programme><id>38</id><channel-id>17</channel-id><channel>2x2</channel><title>Южный парк. (18+).</title><start>201641711500 +0200</start></programme><programme><id>39</id><channel-id>17</channel-id><channel>2x2</channel><title>Плохие. (18+).</title><start>201641723000 +0200</start></programme><programme><id>40</id><channel-id>17</channel-id><channel>2x2</channel><title>Морлаб. (18+).</title><start>201641734000 +0200</start></programme><programme><id>41</id><channel-id>17</channel-id><channel>2x2</channel><title>Гори в аду. (18+).</title><start>201641744500 +0200</start></programme><programme><id>42</id><channel-id>17</channel-id><channel>2x2</channel><title>Икс-утки. (18+).</title><start>201641763500 +0200</start></programme><programme><id>43</id><channel-id>17</channel-id><channel>2x2</channel><title>Арчер. (18+).</title><start>201641765500 +0200</start></programme><programme><id>44</id><channel-id>17</channel-id><channel>2x2</channel><title>Гори в аду. (18+).</title><start>201642044500 +0200</start></programme><programme><id>45</id><channel-id>17</channel-id><channel>2x2</channel><title>Пип шоу. (18+).</title><start>201642051500 +0200</start></programme><programme><id>46</id><channel-id>17</channel-id><channel>2x2</channel><title>Японские забавы. (18+).</title><start>201642054000 +0200</start></programme><programme><id>47</id><channel-id>17</channel-id><channel>2x2</channel><title>Отвязный спорт. (18+).</title><start>201642061000 +0200</start></programme><programme><id>48</id><channel-id>17</channel-id><channel>2x2</channel><title>Икс-утки. (18+).</title><start>201642063500 +0200</start></programme><programme><id>49</id><channel-id>67</channel-id><channel>Первый Альтернативный</channel><title>Круче только яйца. (16+).</title><start>20164203000 +0200</start></programme><programme><id>50</id><channel-id>67</channel-id><channel>Первый Альтернативный</channel><title>Line-Up. (16+).</title><start>201642034000 +0200</start></programme><programme><id>51</id><channel-id>67</channel-id><channel>Первый Альтернативный</channel><title>A-One News. (16+).</title><start>20164204000 +0200</start></programme><programme><id>52</id><channel-id>67</channel-id><channel>Первый Альтернативный</channel><title>HipHop.ru. (16+).</title><start>20164204500 +0200</start></programme><programme><id>53</id><channel-id>67</channel-id><channel>Первый Альтернативный</channel><title>Все свои! (16+).</title><start>201642019000 +0200</start></programme><programme><id>54</id><channel-id>67</channel-id><channel>Первый Альтернативный</channel><title>Funbox. (16+).</title><start>201642020000 +0200</start></programme><programme><id>55</id><channel-id>67</channel-id><channel>Первый Альтернативный</channel><title>Звездочат. (16+).</title><start>201642023000 +0200</start></programme><programme><id>56</id><channel-id>22</channel-id><channel>Animal Planet (Россия)</channel><title>Полиция Феникса: Отдел по защите животных: Смертельная диета. (16+).</title><start>201642005000 +0200</start></programme></tv>