﻿<?xml version="1.0" encoding="utf-8"?><tv><channel><id>70</id><display-name>БСТ</display-name><due-date>24.08.2016</due-date><user-id>2</user-id><price>0</price></channel><channel><id>69</id><display-name>Bridge TV</display-name><due-date>24.08.2016</due-date><user-id>2</user-id><price>0</price></channel><channel><id>23</id><display-name>Discovery Channel (Россия)</display-name><due-date>24.08.2016</due-date><user-id>2</user-id><price>0</price></channel><programme><id>1</id><channel-id>70</channel-id><channel>БСТ</channel><title>Смелая музыка. (16+).</title><start>201641911500 +0200</start></programme><programme><id>2</id><channel-id>70</channel-id><channel>БСТ</channel><title>Новости (баш).</title><start>201641923000 +0200</start></programme><programme><id>3</id><channel-id>70</channel-id><channel>БСТ</channel><title>Салям. (12+).</title><start>20164199000 +0200</start></programme><programme><id>4</id><channel-id>70</channel-id><channel>БСТ</channel><title>Д/ф "Круизы в мир открытий". (16+).</title><start>201641912000 +0200</start></programme><programme><id>5</id><channel-id>70</channel-id><channel>БСТ</channel><title>Галямат донъя.</title><start>2016419124500 +0200</start></programme><programme><id>6</id><channel-id>70</channel-id><channel>БСТ</channel><title>Орнамент.</title><start>2016419131500 +0200</start></programme></tv>